Role,Context,Question,Col4,Col5,Col6,Col7,Col8,Col9,Col10,Col11,Col12,Col13,Col14,Col15,Col16,Col17,Col18,Col19,Col20,Col21,Col22,Col23,Col24,Col25,Col26,Col27,Col28,Col29,Col30,Col31,Col32,Col33,Col34,Col35,Col36,Col37,Col38,Col39,Col40,Col41,Col42,Col43,Col44,Col45,Col46,Col47,Col48,Col49,Col50
Full Stack Developer,Web Technologies and APIs,What is one key concept in Web Technologies and APIs?,Data4_0,Data5_0,Data6_0,Data7_0,Data8_0,Data9_0,Data10_0,Data11_0,Data12_0,Data13_0,Data14_0,Data15_0,Data16_0,Data17_0,Data18_0,Data19_0,Data20_0,Data21_0,Data22_0,Data23_0,Data24_0,Data25_0,Data26_0,Data27_0,Data28_0,Data29_0,Data30_0,Data31_0,Data32_0,Data33_0,Data34_0,Data35_0,Data36_0,Data37_0,Data38_0,Data39_0,Data40_0,Data41_0,Data42_0,Data43_0,Data44_0,Data45_0,Data46_0,Data47_0,Data48_0,Data49_0,Data50_0
Cloud Engineer,AWS and DevOps,What is one key concept in AWS and DevOps?,Data4_1,Data5_1,Data6_1,Data7_1,Data8_1,Data9_1,Data10_1,Data11_1,Data12_1,Data13_1,Data14_1,Data15_1,Data16_1,Data17_1,Data18_1,Data19_1,Data20_1,Data21_1,Data22_1,Data23_1,Data24_1,Data25_1,Data26_1,Data27_1,Data28_1,Data29_1,Data30_1,Data31_1,Data32_1,Data33_1,Data34_1,Data35_1,Data36_1,Data37_1,Data38_1,Data39_1,Data40_1,Data41_1,Data42_1,Data43_1,Data44_1,Data45_1,Data46_1,Data47_1,Data48_1,Data49_1,Data50_1
Data Scientist,Machine Learning and Data Analysis,What is one key concept in Machine Learning and Data Analysis?,Data4_2,Data5_2,Data6_2,Data7_2,Data8_2,Data9_2,Data10_2,Data11_2,Data12_2,Data13_2,Data14_2,Data15_2,Data16_2,Data17_2,Data18_2,Data19_2,Data20_2,Data21_2,Data22_2,Data23_2,Data24_2,Data25_2,Data26_2,Data27_2,Data28_2,Data29_2,Data30_2,Data31_2,Data32_2,Data33_2,Data34_2,Data35_2,Data36_2,Data37_2,Data38_2,Data39_2,Data40_2,Data41_2,Data42_2,Data43_2,Data44_2,Data45_2,Data46_2,Data47_2,Data48_2,Data49_2,Data50_2
Backend Developer,Python and Django,What is one key concept in Python and Django?,Data4_3,Data5_3,Data6_3,Data7_3,Data8_3,Data9_3,Data10_3,Data11_3,Data12_3,Data13_3,Data14_3,Data15_3,Data16_3,Data17_3,Data18_3,Data19_3,Data20_3,Data21_3,Data22_3,Data23_3,Data24_3,Data25_3,Data26_3,Data27_3,Data28_3,Data29_3,Data30_3,Data31_3,Data32_3,Data33_3,Data34_3,Data35_3,Data36_3,Data37_3,Data38_3,Data39_3,Data40_3,Data41_3,Data42_3,Data43_3,Data44_3,Data45_3,Data46_3,Data47_3,Data48_3,Data49_3,Data50_3
Frontend Developer,React and JavaScript,What is one key concept in React and JavaScript?,Data4_4,Data5_4,Data6_4,Data7_4,Data8_4,Data9_4,Data10_4,Data11_4,Data12_4,Data13_4,Data14_4,Data15_4,Data16_4,Data17_4,Data18_4,Data19_4,Data20_4,Data21_4,Data22_4,Data23_4,Data24_4,Data25_4,Data26_4,Data27_4,Data28_4,Data29_4,Data30_4,Data31_4,Data32_4,Data33_4,Data34_4,Data35_4,Data36_4,Data37_4,Data38_4,Data39_4,Data40_4,Data41_4,Data42_4,Data43_4,Data44_4,Data45_4,Data46_4,Data47_4,Data48_4,Data49_4,Data50_4
Frontend Developer,React and JavaScript,What is one key concept in React and JavaScript?,Data4_5,Data5_5,Data6_5,Data7_5,Data8_5,Data9_5,Data10_5,Data11_5,Data12_5,Data13_5,Data14_5,Data15_5,Data16_5,Data17_5,Data18_5,Data19_5,Data20_5,Data21_5,Data22_5,Data23_5,Data24_5,Data25_5,Data26_5,Data27_5,Data28_5,Data29_5,Data30_5,Data31_5,Data32_5,Data33_5,Data34_5,Data35_5,Data36_5,Data37_5,Data38_5,Data39_5,Data40_5,Data41_5,Data42_5,Data43_5,Data44_5,Data45_5,Data46_5,Data47_5,Data48_5,Data49_5,Data50_5
Full Stack Developer,Web Technologies and APIs,What is one key concept in Web Technologies and APIs?,Data4_6,Data5_6,Data6_6,Data7_6,Data8_6,Data9_6,Data10_6,Data11_6,Data12_6,Data13_6,Data14_6,Data15_6,Data16_6,Data17_6,Data18_6,Data19_6,Data20_6,Data21_6,Data22_6,Data23_6,Data24_6,Data25_6,Data26_6,Data27_6,Data28_6,Data29_6,Data30_6,Data31_6,Data32_6,Data33_6,Data34_6,Data35_6,Data36_6,Data37_6,Data38_6,Data39_6,Data40_6,Data41_6,Data42_6,Data43_6,Data44_6,Data45_6,Data46_6,Data47_6,Data48_6,Data49_6,Data50_6
Full Stack Developer,Web Technologies and APIs,What is one key concept in Web Technologies and APIs?,Data4_7,Data5_7,Data6_7,Data7_7,Data8_7,Data9_7,Data10_7,Data11_7,Data12_7,Data13_7,Data14_7,Data15_7,Data16_7,Data17_7,Data18_7,Data19_7,Data20_7,Data21_7,Data22_7,Data23_7,Data24_7,Data25_7,Data26_7,Data27_7,Data28_7,Data29_7,Data30_7,Data31_7,Data32_7,Data33_7,Data34_7,Data35_7,Data36_7,Data37_7,Data38_7,Data39_7,Data40_7,Data41_7,Data42_7,Data43_7,Data44_7,Data45_7,Data46_7,Data47_7,Data48_7,Data49_7,Data50_7
Backend Developer,Python and Django,What is one key concept in Python and Django?,Data4_8,Data5_8,Data6_8,Data7_8,Data8_8,Data9_8,Data10_8,Data11_8,Data12_8,Data13_8,Data14_8,Data15_8,Data16_8,Data17_8,Data18_8,Data19_8,Data20_8,Data21_8,Data22_8,Data23_8,Data24_8,Data25_8,Data26_8,Data27_8,Data28_8,Data29_8,Data30_8,Data31_8,Data32_8,Data33_8,Data34_8,Data35_8,Data36_8,Data37_8,Data38_8,Data39_8,Data40_8,Data41_8,Data42_8,Data43_8,Data44_8,Data45_8,Data46_8,Data47_8,Data48_8,Data49_8,Data50_8
Cloud Engineer,AWS and DevOps,What is one key concept in AWS and DevOps?,Data4_9,Data5_9,Data6_9,Data7_9,Data8_9,Data9_9,Data10_9,Data11_9,Data12_9,Data13_9,Data14_9,Data15_9,Data16_9,Data17_9,Data18_9,Data19_9,Data20_9,Data21_9,Data22_9,Data23_9,Data24_9,Data25_9,Data26_9,Data27_9,Data28_9,Data29_9,Data30_9,Data31_9,Data32_9,Data33_9,Data34_9,Data35_9,Data36_9,Data37_9,Data38_9,Data39_9,Data40_9,Data41_9,Data42_9,Data43_9,Data44_9,Data45_9,Data46_9,Data47_9,Data48_9,Data49_9,Data50_9
Cloud Engineer,AWS and DevOps,What is one key concept in AWS and DevOps?,Data4_10,Data5_10,Data6_10,Data7_10,Data8_10,Data9_10,Data10_10,Data11_10,Data12_10,Data13_10,Data14_10,Data15_10,Data16_10,Data17_10,Data18_10,Data19_10,Data20_10,Data21_10,Data22_10,Data23_10,Data24_10,Data25_10,Data26_10,Data27_10,Data28_10,Data29_10,Data30_10,Data31_10,Data32_10,Data33_10,Data34_10,Data35_10,Data36_10,Data37_10,Data38_10,Data39_10,Data40_10,Data41_10,Data42_10,Data43_10,Data44_10,Data45_10,Data46_10,Data47_10,Data48_10,Data49_10,Data50_10
Frontend Developer,React and JavaScript,What is one key concept in React and JavaScript?,Data4_11,Data5_11,Data6_11,Data7_11,Data8_11,Data9_11,Data10_11,Data11_11,Data12_11,Data13_11,Data14_11,Data15_11,Data16_11,Data17_11,Data18_11,Data19_11,Data20_11,Data21_11,Data22_11,Data23_11,Data24_11,Data25_11,Data26_11,Data27_11,Data28_11,Data29_11,Data30_11,Data31_11,Data32_11,Data33_11,Data34_11,Data35_11,Data36_11,Data37_11,Data38_11,Data39_11,Data40_11,Data41_11,Data42_11,Data43_11,Data44_11,Data45_11,Data46_11,Data47_11,Data48_11,Data49_11,Data50_11
Cloud Engineer,AWS and DevOps,What is one key concept in AWS and DevOps?,Data4_12,Data5_12,Data6_12,Data7_12,Data8_12,Data9_12,Data10_12,Data11_12,Data12_12,Data13_12,Data14_12,Data15_12,Data16_12,Data17_12,Data18_12,Data19_12,Data20_12,Data21_12,Data22_12,Data23_12,Data24_12,Data25_12,Data26_12,Data27_12,Data28_12,Data29_12,Data30_12,Data31_12,Data32_12,Data33_12,Data34_12,Data35_12,Data36_12,Data37_12,Data38_12,Data39_12,Data40_12,Data41_12,Data42_12,Data43_12,Data44_12,Data45_12,Data46_12,Data47_12,Data48_12,Data49_12,Data50_12
Backend Developer,Python and Django,What is one key concept in Python and Django?,Data4_13,Data5_13,Data6_13,Data7_13,Data8_13,Data9_13,Data10_13,Data11_13,Data12_13,Data13_13,Data14_13,Data15_13,Data16_13,Data17_13,Data18_13,Data19_13,Data20_13,Data21_13,Data22_13,Data23_13,Data24_13,Data25_13,Data26_13,Data27_13,Data28_13,Data29_13,Data30_13,Data31_13,Data32_13,Data33_13,Data34_13,Data35_13,Data36_13,Data37_13,Data38_13,Data39_13,Data40_13,Data41_13,Data42_13,Data43_13,Data44_13,Data45_13,Data46_13,Data47_13,Data48_13,Data49_13,Data50_13
Data Scientist,Machine Learning and Data Analysis,What is one key concept in Machine Learning and Data Analysis?,Data4_14,Data5_14,Data6_14,Data7_14,Data8_14,Data9_14,Data10_14,Data11_14,Data12_14,Data13_14,Data14_14,Data15_14,Data16_14,Data17_14,Data18_14,Data19_14,Data20_14,Data21_14,Data22_14,Data23_14,Data24_14,Data25_14,Data26_14,Data27_14,Data28_14,Data29_14,Data30_14,Data31_14,Data32_14,Data33_14,Data34_14,Data35_14,Data36_14,Data37_14,Data38_14,Data39_14,Data40_14,Data41_14,Data42_14,Data43_14,Data44_14,Data45_14,Data46_14,Data47_14,Data48_14,Data49_14,Data50_14
Full Stack Developer,Web Technologies and APIs,What is one key concept in Web Technologies and APIs?,Data4_15,Data5_15,Data6_15,Data7_15,Data8_15,Data9_15,Data10_15,Data11_15,Data12_15,Data13_15,Data14_15,Data15_15,Data16_15,Data17_15,Data18_15,Data19_15,Data20_15,Data21_15,Data22_15,Data23_15,Data24_15,Data25_15,Data26_15,Data27_15,Data28_15,Data29_15,Data30_15,Data31_15,Data32_15,Data33_15,Data34_15,Data35_15,Data36_15,Data37_15,Data38_15,Data39_15,Data40_15,Data41_15,Data42_15,Data43_15,Data44_15,Data45_15,Data46_15,Data47_15,Data48_15,Data49_15,Data50_15
Backend Developer,Python and Django,What is one key concept in Python and Django?,Data4_16,Data5_16,Data6_16,Data7_16,Data8_16,Data9_16,Data10_16,Data11_16,Data12_16,Data13_16,Data14_16,Data15_16,Data16_16,Data17_16,Data18_16,Data19_16,Data20_16,Data21_16,Data22_16,Data23_16,Data24_16,Data25_16,Data26_16,Data27_16,Data28_16,Data29_16,Data30_16,Data31_16,Data32_16,Data33_16,Data34_16,Data35_16,Data36_16,Data37_16,Data38_16,Data39_16,Data40_16,Data41_16,Data42_16,Data43_16,Data44_16,Data45_16,Data46_16,Data47_16,Data48_16,Data49_16,Data50_16
Backend Developer,Python and Django,What is one key concept in Python and Django?,Data4_17,Data5_17,Data6_17,Data7_17,Data8_17,Data9_17,Data10_17,Data11_17,Data12_17,Data13_17,Data14_17,Data15_17,Data16_17,Data17_17,Data18_17,Data19_17,Data20_17,Data21_17,Data22_17,Data23_17,Data24_17,Data25_17,Data26_17,Data27_17,Data28_17,Data29_17,Data30_17,Data31_17,Data32_17,Data33_17,Data34_17,Data35_17,Data36_17,Data37_17,Data38_17,Data39_17,Data40_17,Data41_17,Data42_17,Data43_17,Data44_17,Data45_17,Data46_17,Data47_17,Data48_17,Data49_17,Data50_17
Backend Developer,Python and Django,What is one key concept in Python and Django?,Data4_18,Data5_18,Data6_18,Data7_18,Data8_18,Data9_18,Data10_18,Data11_18,Data12_18,Data13_18,Data14_18,Data15_18,Data16_18,Data17_18,Data18_18,Data19_18,Data20_18,Data21_18,Data22_18,Data23_18,Data24_18,Data25_18,Data26_18,Data27_18,Data28_18,Data29_18,Data30_18,Data31_18,Data32_18,Data33_18,Data34_18,Data35_18,Data36_18,Data37_18,Data38_18,Data39_18,Data40_18,Data41_18,Data42_18,Data43_18,Data44_18,Data45_18,Data46_18,Data47_18,Data48_18,Data49_18,Data50_18
Full Stack Developer,Web Technologies and APIs,What is one key concept in Web Technologies and APIs?,Data4_19,Data5_19,Data6_19,Data7_19,Data8_19,Data9_19,Data10_19,Data11_19,Data12_19,Data13_19,Data14_19,Data15_19,Data16_19,Data17_19,Data18_19,Data19_19,Data20_19,Data21_19,Data22_19,Data23_19,Data24_19,Data25_19,Data26_19,Data27_19,Data28_19,Data29_19,Data30_19,Data31_19,Data32_19,Data33_19,Data34_19,Data35_19,Data36_19,Data37_19,Data38_19,Data39_19,Data40_19,Data41_19,Data42_19,Data43_19,Data44_19,Data45_19,Data46_19,Data47_19,Data48_19,Data49_19,Data50_19
Full Stack Developer,Web Technologies and APIs,What is one key concept in Web Technologies and APIs?,Data4_20,Data5_20,Data6_20,Data7_20,Data8_20,Data9_20,Data10_20,Data11_20,Data12_20,Data13_20,Data14_20,Data15_20,Data16_20,Data17_20,Data18_20,Data19_20,Data20_20,Data21_20,Data22_20,Data23_20,Data24_20,Data25_20,Data26_20,Data27_20,Data28_20,Data29_20,Data30_20,Data31_20,Data32_20,Data33_20,Data34_20,Data35_20,Data36_20,Data37_20,Data38_20,Data39_20,Data40_20,Data41_20,Data42_20,Data43_20,Data44_20,Data45_20,Data46_20,Data47_20,Data48_20,Data49_20,Data50_20
Data Scientist,Machine Learning and Data Analysis,What is one key concept in Machine Learning and Data Analysis?,Data4_21,Data5_21,Data6_21,Data7_21,Data8_21,Data9_21,Data10_21,Data11_21,Data12_21,Data13_21,Data14_21,Data15_21,Data16_21,Data17_21,Data18_21,Data19_21,Data20_21,Data21_21,Data22_21,Data23_21,Data24_21,Data25_21,Data26_21,Data27_21,Data28_21,Data29_21,Data30_21,Data31_21,Data32_21,Data33_21,Data34_21,Data35_21,Data36_21,Data37_21,Data38_21,Data39_21,Data40_21,Data41_21,Data42_21,Data43_21,Data44_21,Data45_21,Data46_21,Data47_21,Data48_21,Data49_21,Data50_21
Cloud Engineer,AWS and DevOps,What is one key concept in AWS and DevOps?,Data4_22,Data5_22,Data6_22,Data7_22,Data8_22,Data9_22,Data10_22,Data11_22,Data12_22,Data13_22,Data14_22,Data15_22,Data16_22,Data17_22,Data18_22,Data19_22,Data20_22,Data21_22,Data22_22,Data23_22,Data24_22,Data25_22,Data26_22,Data27_22,Data28_22,Data29_22,Data30_22,Data31_22,Data32_22,Data33_22,Data34_22,Data35_22,Data36_22,Data37_22,Data38_22,Data39_22,Data40_22,Data41_22,Data42_22,Data43_22,Data44_22,Data45_22,Data46_22,Data47_22,Data48_22,Data49_22,Data50_22
Cloud Engineer,AWS and DevOps,What is one key concept in AWS and DevOps?,Data4_23,Data5_23,Data6_23,Data7_23,Data8_23,Data9_23,Data10_23,Data11_23,Data12_23,Data13_23,Data14_23,Data15_23,Data16_23,Data17_23,Data18_23,Data19_23,Data20_23,Data21_23,Data22_23,Data23_23,Data24_23,Data25_23,Data26_23,Data27_23,Data28_23,Data29_23,Data30_23,Data31_23,Data32_23,Data33_23,Data34_23,Data35_23,Data36_23,Data37_23,Data38_23,Data39_23,Data40_23,Data41_23,Data42_23,Data43_23,Data44_23,Data45_23,Data46_23,Data47_23,Data48_23,Data49_23,Data50_23
Cloud Engineer,AWS and DevOps,What is one key concept in AWS and DevOps?,Data4_24,Data5_24,Data6_24,Data7_24,Data8_24,Data9_24,Data10_24,Data11_24,Data12_24,Data13_24,Data14_24,Data15_24,Data16_24,Data17_24,Data18_24,Data19_24,Data20_24,Data21_24,Data22_24,Data23_24,Data24_24,Data25_24,Data26_24,Data27_24,Data28_24,Data29_24,Data30_24,Data31_24,Data32_24,Data33_24,Data34_24,Data35_24,Data36_24,Data37_24,Data38_24,Data39_24,Data40_24,Data41_24,Data42_24,Data43_24,Data44_24,Data45_24,Data46_24,Data47_24,Data48_24,Data49_24,Data50_24
Full Stack Developer,Web Technologies and APIs,What is one key concept in Web Technologies and APIs?,Data4_25,Data5_25,Data6_25,Data7_25,Data8_25,Data9_25,Data10_25,Data11_25,Data12_25,Data13_25,Data14_25,Data15_25,Data16_25,Data17_25,Data18_25,Data19_25,Data20_25,Data21_25,Data22_25,Data23_25,Data24_25,Data25_25,Data26_25,Data27_25,Data28_25,Data29_25,Data30_25,Data31_25,Data32_25,Data33_25,Data34_25,Data35_25,Data36_25,Data37_25,Data38_25,Data39_25,Data40_25,Data41_25,Data42_25,Data43_25,Data44_25,Data45_25,Data46_25,Data47_25,Data48_25,Data49_25,Data50_25
Frontend Developer,React and JavaScript,What is one key concept in React and JavaScript?,Data4_26,Data5_26,Data6_26,Data7_26,Data8_26,Data9_26,Data10_26,Data11_26,Data12_26,Data13_26,Data14_26,Data15_26,Data16_26,Data17_26,Data18_26,Data19_26,Data20_26,Data21_26,Data22_26,Data23_26,Data24_26,Data25_26,Data26_26,Data27_26,Data28_26,Data29_26,Data30_26,Data31_26,Data32_26,Data33_26,Data34_26,Data35_26,Data36_26,Data37_26,Data38_26,Data39_26,Data40_26,Data41_26,Data42_26,Data43_26,Data44_26,Data45_26,Data46_26,Data47_26,Data48_26,Data49_26,Data50_26
Frontend Developer,React and JavaScript,What is one key concept in React and JavaScript?,Data4_27,Data5_27,Data6_27,Data7_27,Data8_27,Data9_27,Data10_27,Data11_27,Data12_27,Data13_27,Data14_27,Data15_27,Data16_27,Data17_27,Data18_27,Data19_27,Data20_27,Data21_27,Data22_27,Data23_27,Data24_27,Data25_27,Data26_27,Data27_27,Data28_27,Data29_27,Data30_27,Data31_27,Data32_27,Data33_27,Data34_27,Data35_27,Data36_27,Data37_27,Data38_27,Data39_27,Data40_27,Data41_27,Data42_27,Data43_27,Data44_27,Data45_27,Data46_27,Data47_27,Data48_27,Data49_27,Data50_27
Data Scientist,Machine Learning and Data Analysis,What is one key concept in Machine Learning and Data Analysis?,Data4_28,Data5_28,Data6_28,Data7_28,Data8_28,Data9_28,Data10_28,Data11_28,Data12_28,Data13_28,Data14_28,Data15_28,Data16_28,Data17_28,Data18_28,Data19_28,Data20_28,Data21_28,Data22_28,Data23_28,Data24_28,Data25_28,Data26_28,Data27_28,Data28_28,Data29_28,Data30_28,Data31_28,Data32_28,Data33_28,Data34_28,Data35_28,Data36_28,Data37_28,Data38_28,Data39_28,Data40_28,Data41_28,Data42_28,Data43_28,Data44_28,Data45_28,Data46_28,Data47_28,Data48_28,Data49_28,Data50_28
Cloud Engineer,AWS and DevOps,What is one key concept in AWS and DevOps?,Data4_29,Data5_29,Data6_29,Data7_29,Data8_29,Data9_29,Data10_29,Data11_29,Data12_29,Data13_29,Data14_29,Data15_29,Data16_29,Data17_29,Data18_29,Data19_29,Data20_29,Data21_29,Data22_29,Data23_29,Data24_29,Data25_29,Data26_29,Data27_29,Data28_29,Data29_29,Data30_29,Data31_29,Data32_29,Data33_29,Data34_29,Data35_29,Data36_29,Data37_29,Data38_29,Data39_29,Data40_29,Data41_29,Data42_29,Data43_29,Data44_29,Data45_29,Data46_29,Data47_29,Data48_29,Data49_29,Data50_29
Full Stack Developer,Web Technologies and APIs,What is one key concept in Web Technologies and APIs?,Data4_30,Data5_30,Data6_30,Data7_30,Data8_30,Data9_30,Data10_30,Data11_30,Data12_30,Data13_30,Data14_30,Data15_30,Data16_30,Data17_30,Data18_30,Data19_30,Data20_30,Data21_30,Data22_30,Data23_30,Data24_30,Data25_30,Data26_30,Data27_30,Data28_30,Data29_30,Data30_30,Data31_30,Data32_30,Data33_30,Data34_30,Data35_30,Data36_30,Data37_30,Data38_30,Data39_30,Data40_30,Data41_30,Data42_30,Data43_30,Data44_30,Data45_30,Data46_30,Data47_30,Data48_30,Data49_30,Data50_30
Cloud Engineer,AWS and DevOps,What is one key concept in AWS and DevOps?,Data4_31,Data5_31,Data6_31,Data7_31,Data8_31,Data9_31,Data10_31,Data11_31,Data12_31,Data13_31,Data14_31,Data15_31,Data16_31,Data17_31,Data18_31,Data19_31,Data20_31,Data21_31,Data22_31,Data23_31,Data24_31,Data25_31,Data26_31,Data27_31,Data28_31,Data29_31,Data30_31,Data31_31,Data32_31,Data33_31,Data34_31,Data35_31,Data36_31,Data37_31,Data38_31,Data39_31,Data40_31,Data41_31,Data42_31,Data43_31,Data44_31,Data45_31,Data46_31,Data47_31,Data48_31,Data49_31,Data50_31
Backend Developer,Python and Django,What is one key concept in Python and Django?,Data4_32,Data5_32,Data6_32,Data7_32,Data8_32,Data9_32,Data10_32,Data11_32,Data12_32,Data13_32,Data14_32,Data15_32,Data16_32,Data17_32,Data18_32,Data19_32,Data20_32,Data21_32,Data22_32,Data23_32,Data24_32,Data25_32,Data26_32,Data27_32,Data28_32,Data29_32,Data30_32,Data31_32,Data32_32,Data33_32,Data34_32,Data35_32,Data36_32,Data37_32,Data38_32,Data39_32,Data40_32,Data41_32,Data42_32,Data43_32,Data44_32,Data45_32,Data46_32,Data47_32,Data48_32,Data49_32,Data50_32
Frontend Developer,React and JavaScript,What is one key concept in React and JavaScript?,Data4_33,Data5_33,Data6_33,Data7_33,Data8_33,Data9_33,Data10_33,Data11_33,Data12_33,Data13_33,Data14_33,Data15_33,Data16_33,Data17_33,Data18_33,Data19_33,Data20_33,Data21_33,Data22_33,Data23_33,Data24_33,Data25_33,Data26_33,Data27_33,Data28_33,Data29_33,Data30_33,Data31_33,Data32_33,Data33_33,Data34_33,Data35_33,Data36_33,Data37_33,Data38_33,Data39_33,Data40_33,Data41_33,Data42_33,Data43_33,Data44_33,Data45_33,Data46_33,Data47_33,Data48_33,Data49_33,Data50_33
Data Scientist,Machine Learning and Data Analysis,What is one key concept in Machine Learning and Data Analysis?,Data4_34,Data5_34,Data6_34,Data7_34,Data8_34,Data9_34,Data10_34,Data11_34,Data12_34,Data13_34,Data14_34,Data15_34,Data16_34,Data17_34,Data18_34,Data19_34,Data20_34,Data21_34,Data22_34,Data23_34,Data24_34,Data25_34,Data26_34,Data27_34,Data28_34,Data29_34,Data30_34,Data31_34,Data32_34,Data33_34,Data34_34,Data35_34,Data36_34,Data37_34,Data38_34,Data39_34,Data40_34,Data41_34,Data42_34,Data43_34,Data44_34,Data45_34,Data46_34,Data47_34,Data48_34,Data49_34,Data50_34
Frontend Developer,React and JavaScript,What is one key concept in React and JavaScript?,Data4_35,Data5_35,Data6_35,Data7_35,Data8_35,Data9_35,Data10_35,Data11_35,Data12_35,Data13_35,Data14_35,Data15_35,Data16_35,Data17_35,Data18_35,Data19_35,Data20_35,Data21_35,Data22_35,Data23_35,Data24_35,Data25_35,Data26_35,Data27_35,Data28_35,Data29_35,Data30_35,Data31_35,Data32_35,Data33_35,Data34_35,Data35_35,Data36_35,Data37_35,Data38_35,Data39_35,Data40_35,Data41_35,Data42_35,Data43_35,Data44_35,Data45_35,Data46_35,Data47_35,Data48_35,Data49_35,Data50_35
Backend Developer,Python and Django,What is one key concept in Python and Django?,Data4_36,Data5_36,Data6_36,Data7_36,Data8_36,Data9_36,Data10_36,Data11_36,Data12_36,Data13_36,Data14_36,Data15_36,Data16_36,Data17_36,Data18_36,Data19_36,Data20_36,Data21_36,Data22_36,Data23_36,Data24_36,Data25_36,Data26_36,Data27_36,Data28_36,Data29_36,Data30_36,Data31_36,Data32_36,Data33_36,Data34_36,Data35_36,Data36_36,Data37_36,Data38_36,Data39_36,Data40_36,Data41_36,Data42_36,Data43_36,Data44_36,Data45_36,Data46_36,Data47_36,Data48_36,Data49_36,Data50_36
Full Stack Developer,Web Technologies and APIs,What is one key concept in Web Technologies and APIs?,Data4_37,Data5_37,Data6_37,Data7_37,Data8_37,Data9_37,Data10_37,Data11_37,Data12_37,Data13_37,Data14_37,Data15_37,Data16_37,Data17_37,Data18_37,Data19_37,Data20_37,Data21_37,Data22_37,Data23_37,Data24_37,Data25_37,Data26_37,Data27_37,Data28_37,Data29_37,Data30_37,Data31_37,Data32_37,Data33_37,Data34_37,Data35_37,Data36_37,Data37_37,Data38_37,Data39_37,Data40_37,Data41_37,Data42_37,Data43_37,Data44_37,Data45_37,Data46_37,Data47_37,Data48_37,Data49_37,Data50_37
Backend Developer,Python and Django,What is one key concept in Python and Django?,Data4_38,Data5_38,Data6_38,Data7_38,Data8_38,Data9_38,Data10_38,Data11_38,Data12_38,Data13_38,Data14_38,Data15_38,Data16_38,Data17_38,Data18_38,Data19_38,Data20_38,Data21_38,Data22_38,Data23_38,Data24_38,Data25_38,Data26_38,Data27_38,Data28_38,Data29_38,Data30_38,Data31_38,Data32_38,Data33_38,Data34_38,Data35_38,Data36_38,Data37_38,Data38_38,Data39_38,Data40_38,Data41_38,Data42_38,Data43_38,Data44_38,Data45_38,Data46_38,Data47_38,Data48_38,Data49_38,Data50_38
Full Stack Developer,Web Technologies and APIs,What is one key concept in Web Technologies and APIs?,Data4_39,Data5_39,Data6_39,Data7_39,Data8_39,Data9_39,Data10_39,Data11_39,Data12_39,Data13_39,Data14_39,Data15_39,Data16_39,Data17_39,Data18_39,Data19_39,Data20_39,Data21_39,Data22_39,Data23_39,Data24_39,Data25_39,Data26_39,Data27_39,Data28_39,Data29_39,Data30_39,Data31_39,Data32_39,Data33_39,Data34_39,Data35_39,Data36_39,Data37_39,Data38_39,Data39_39,Data40_39,Data41_39,Data42_39,Data43_39,Data44_39,Data45_39,Data46_39,Data47_39,Data48_39,Data49_39,Data50_39
Full Stack Developer,Web Technologies and APIs,What is one key concept in Web Technologies and APIs?,Data4_40,Data5_40,Data6_40,Data7_40,Data8_40,Data9_40,Data10_40,Data11_40,Data12_40,Data13_40,Data14_40,Data15_40,Data16_40,Data17_40,Data18_40,Data19_40,Data20_40,Data21_40,Data22_40,Data23_40,Data24_40,Data25_40,Data26_40,Data27_40,Data28_40,Data29_40,Data30_40,Data31_40,Data32_40,Data33_40,Data34_40,Data35_40,Data36_40,Data37_40,Data38_40,Data39_40,Data40_40,Data41_40,Data42_40,Data43_40,Data44_40,Data45_40,Data46_40,Data47_40,Data48_40,Data49_40,Data50_40
Full Stack Developer,Web Technologies and APIs,What is one key concept in Web Technologies and APIs?,Data4_41,Data5_41,Data6_41,Data7_41,Data8_41,Data9_41,Data10_41,Data11_41,Data12_41,Data13_41,Data14_41,Data15_41,Data16_41,Data17_41,Data18_41,Data19_41,Data20_41,Data21_41,Data22_41,Data23_41,Data24_41,Data25_41,Data26_41,Data27_41,Data28_41,Data29_41,Data30_41,Data31_41,Data32_41,Data33_41,Data34_41,Data35_41,Data36_41,Data37_41,Data38_41,Data39_41,Data40_41,Data41_41,Data42_41,Data43_41,Data44_41,Data45_41,Data46_41,Data47_41,Data48_41,Data49_41,Data50_41
Frontend Developer,React and JavaScript,What is one key concept in React and JavaScript?,Data4_42,Data5_42,Data6_42,Data7_42,Data8_42,Data9_42,Data10_42,Data11_42,Data12_42,Data13_42,Data14_42,Data15_42,Data16_42,Data17_42,Data18_42,Data19_42,Data20_42,Data21_42,Data22_42,Data23_42,Data24_42,Data25_42,Data26_42,Data27_42,Data28_42,Data29_42,Data30_42,Data31_42,Data32_42,Data33_42,Data34_42,Data35_42,Data36_42,Data37_42,Data38_42,Data39_42,Data40_42,Data41_42,Data42_42,Data43_42,Data44_42,Data45_42,Data46_42,Data47_42,Data48_42,Data49_42,Data50_42
Frontend Developer,React and JavaScript,What is one key concept in React and JavaScript?,Data4_43,Data5_43,Data6_43,Data7_43,Data8_43,Data9_43,Data10_43,Data11_43,Data12_43,Data13_43,Data14_43,Data15_43,Data16_43,Data17_43,Data18_43,Data19_43,Data20_43,Data21_43,Data22_43,Data23_43,Data24_43,Data25_43,Data26_43,Data27_43,Data28_43,Data29_43,Data30_43,Data31_43,Data32_43,Data33_43,Data34_43,Data35_43,Data36_43,Data37_43,Data38_43,Data39_43,Data40_43,Data41_43,Data42_43,Data43_43,Data44_43,Data45_43,Data46_43,Data47_43,Data48_43,Data49_43,Data50_43
Cloud Engineer,AWS and DevOps,What is one key concept in AWS and DevOps?,Data4_44,Data5_44,Data6_44,Data7_44,Data8_44,Data9_44,Data10_44,Data11_44,Data12_44,Data13_44,Data14_44,Data15_44,Data16_44,Data17_44,Data18_44,Data19_44,Data20_44,Data21_44,Data22_44,Data23_44,Data24_44,Data25_44,Data26_44,Data27_44,Data28_44,Data29_44,Data30_44,Data31_44,Data32_44,Data33_44,Data34_44,Data35_44,Data36_44,Data37_44,Data38_44,Data39_44,Data40_44,Data41_44,Data42_44,Data43_44,Data44_44,Data45_44,Data46_44,Data47_44,Data48_44,Data49_44,Data50_44
Data Scientist,Machine Learning and Data Analysis,What is one key concept in Machine Learning and Data Analysis?,Data4_45,Data5_45,Data6_45,Data7_45,Data8_45,Data9_45,Data10_45,Data11_45,Data12_45,Data13_45,Data14_45,Data15_45,Data16_45,Data17_45,Data18_45,Data19_45,Data20_45,Data21_45,Data22_45,Data23_45,Data24_45,Data25_45,Data26_45,Data27_45,Data28_45,Data29_45,Data30_45,Data31_45,Data32_45,Data33_45,Data34_45,Data35_45,Data36_45,Data37_45,Data38_45,Data39_45,Data40_45,Data41_45,Data42_45,Data43_45,Data44_45,Data45_45,Data46_45,Data47_45,Data48_45,Data49_45,Data50_45
Full Stack Developer,Web Technologies and APIs,What is one key concept in Web Technologies and APIs?,Data4_46,Data5_46,Data6_46,Data7_46,Data8_46,Data9_46,Data10_46,Data11_46,Data12_46,Data13_46,Data14_46,Data15_46,Data16_46,Data17_46,Data18_46,Data19_46,Data20_46,Data21_46,Data22_46,Data23_46,Data24_46,Data25_46,Data26_46,Data27_46,Data28_46,Data29_46,Data30_46,Data31_46,Data32_46,Data33_46,Data34_46,Data35_46,Data36_46,Data37_46,Data38_46,Data39_46,Data40_46,Data41_46,Data42_46,Data43_46,Data44_46,Data45_46,Data46_46,Data47_46,Data48_46,Data49_46,Data50_46
Cloud Engineer,AWS and DevOps,What is one key concept in AWS and DevOps?,Data4_47,Data5_47,Data6_47,Data7_47,Data8_47,Data9_47,Data10_47,Data11_47,Data12_47,Data13_47,Data14_47,Data15_47,Data16_47,Data17_47,Data18_47,Data19_47,Data20_47,Data21_47,Data22_47,Data23_47,Data24_47,Data25_47,Data26_47,Data27_47,Data28_47,Data29_47,Data30_47,Data31_47,Data32_47,Data33_47,Data34_47,Data35_47,Data36_47,Data37_47,Data38_47,Data39_47,Data40_47,Data41_47,Data42_47,Data43_47,Data44_47,Data45_47,Data46_47,Data47_47,Data48_47,Data49_47,Data50_47
Cloud Engineer,AWS and DevOps,What is one key concept in AWS and DevOps?,Data4_48,Data5_48,Data6_48,Data7_48,Data8_48,Data9_48,Data10_48,Data11_48,Data12_48,Data13_48,Data14_48,Data15_48,Data16_48,Data17_48,Data18_48,Data19_48,Data20_48,Data21_48,Data22_48,Data23_48,Data24_48,Data25_48,Data26_48,Data27_48,Data28_48,Data29_48,Data30_48,Data31_48,Data32_48,Data33_48,Data34_48,Data35_48,Data36_48,Data37_48,Data38_48,Data39_48,Data40_48,Data41_48,Data42_48,Data43_48,Data44_48,Data45_48,Data46_48,Data47_48,Data48_48,Data49_48,Data50_48
Frontend Developer,React and JavaScript,What is one key concept in React and JavaScript?,Data4_49,Data5_49,Data6_49,Data7_49,Data8_49,Data9_49,Data10_49,Data11_49,Data12_49,Data13_49,Data14_49,Data15_49,Data16_49,Data17_49,Data18_49,Data19_49,Data20_49,Data21_49,Data22_49,Data23_49,Data24_49,Data25_49,Data26_49,Data27_49,Data28_49,Data29_49,Data30_49,Data31_49,Data32_49,Data33_49,Data34_49,Data35_49,Data36_49,Data37_49,Data38_49,Data39_49,Data40_49,Data41_49,Data42_49,Data43_49,Data44_49,Data45_49,Data46_49,Data47_49,Data48_49,Data49_49,Data50_49
